Order	Order Date	Currency	Order Subtotal	Order Delivery Price	Order Tax Total	Order Total	Order Refunded Amount	Fulfilment Date	Fulfilment Type	Fulfilment Status	Channels	Fulfilment Location	Fulfilment Notes	Recipient Name	Recipient Email	Recipient Phone	Recipient Address	Recipient Address 2	Recipient Postal Code	Recipient City	Recipient Region	Recipient Country	Item Quantity	Item Name	Item SKU	Item Variation	Item Modifiers	Item Price	Item Options Total Price	Item Total Price
Square Online TEST001	2026/03/01	GBP	31.0	""	0.0	31.0	""	""	Other	New	YNE Powerlifting	YNEPF	""	Test Buyer One	test1@example.com	+440000000001	1 Test Street	""	TS1 1TS	Test City	ENG	GB	1	YNE Spring Open	""	Regular	1 x Full name of the lifter: Margot Hawthorne, 1 x British Powerlifting Membership Number: GB000001, 1 x Yes, I live in Yorkshire or the North East, 1 x Female, 1 x Three lift, 1 x Junior, 1 x F63, 1 x Classic, 1 x Previous best competition total (Kg): 305, 1 x None	0.0	31.0	31.0
Square Online TEST002	2026/03/01	GBP	31.0	""	0.0	31.0	""	""	Other	New	YNE Powerlifting	YNEPF	""	Test Buyer Two	test2@example.com	+440000000002	2 Test Street	""	TS1 1TS	Test City	ENG	GB	1	YNE Spring Open	""	Regular	1 x Full name of the lifter: Ines Velazquez-Brand, 1 x British Powerlifting Membership Number: GB000002, 1 x Yes, I live in Yorkshire or the North East, 1 x Female, 1 x Three lift, 1 x Junior, 1 x F63, 1 x Classic, 1 x Previous best competition total (Kg): 287.5, 1 x None	0.0	31.0	31.0
Square Online TEST003	2026/03/01	GBP	31.0	""	0.0	31.0	""	""	Other	New	YNE Powerlifting	YNEPF	""	Test Buyer Three	test3@example.com	+440000000003	3 Test Street	""	TS1 1TS	Test City	ENG	GB	1	YNE Spring Open	""	Regular	1 x Full name of the lifter: Petra Olufsen, 1 x British Powerlifting Membership Number: TBC, 1 x Yes, I live in Yorkshire or the North East, 1 x Female, 1 x Three lift, 1 x Senior, 1 x F63, 1 x Classic, 1 x None	0.0	31.0	31.0
Square Online TEST004	2026/03/01	GBP	31.0	""	0.0	31.0	""	""	Other	New	YNE Powerlifting	YNEPF	""	Test Buyer Four	test4@example.com	+440000000004	4 Test Street	""	TS1 1TS	Test City	ENG	GB	1	YNE Spring Open	""	Regular	1 x Full name of the lifter: Roisin Tamborra, 1 x British Powerlifting Membership Number: GB000004, 1 x No, I'm a Guest Lifter (No entry until 21/09), 1 x Female, 1 x Three lift, 1 x Masters 2, 1 x F84+, 1 x Classic, 1 x Previous best competition total (Kg): 420, 1 x None	0.0	31.0	31.0
Square Online TEST005	2026/03/01	GBP	31.0	""	0.0	31.0	""	""	Other	New	YNE Powerlifting	YNEPF	""	Test Buyer Five	test5@example.com	+440000000005	5 Test Street	""	TS1 1TS	Test City	ENG	GB	1	YNE Spring Open	""	Regular	1 x Full name of the lifter: Eitan Holzer-Vasquez, 1 x British Powerlifting Membership Number: GB000005, 1 x Yes, I live in Yorkshire or the North East, 1 x Male, 1 x Three lift, 1 x Senior, 1 x M74, 1 x Classic, 1 x Previous best competition total (Kg): 665, 1 x State club or team (Must be EPA Affiliated): Iron Lab, 1 x None	0.0	31.0	31.0
Square Online TEST006	2026/03/01	GBP	31.0	""	0.0	31.0	""	""	Other	New	YNE Powerlifting	YNEPF	""	Test Buyer Six	test6@example.com	+440000000006	6 Test Street	""	TS1 1TS	Test City	ENG	GB	1	YNE Spring Open	""	Regular	1 x Full name of the lifter: Jovani Mardenborough, 1 x British Powerlifting Membership Number: GB000006, 1 x Yes, I live in Yorkshire or the North East, 1 x Male, 1 x Three lift, 1 x Senior, 1 x M83, 1 x Classic, 1 x Previous best competition total (Kg): 720, 1 x None	0.0	31.0	31.0
Square Online TEST007	2026/03/01	GBP	31.0	""	0.0	31.0	""	""	Other	New	YNE Powerlifting	YNEPF	""	Test Buyer Seven	test7@example.com	+440000000007	7 Test Street	""	TS1 1TS	Test City	ENG	GB	1	YNE Spring Open	""	Regular	1 x Full name of the lifter: Magnus Thorvaldsen, 1 x British Powerlifting Membership Number: GB000007, 1 x Yes, I live in Yorkshire or the North East, 1 x Male, 1 x Three lift, 1 x Masters 1, 1 x M83, 1 x Classic, 1 x Previous best competition total (Kg): 712.5, 1 x None	0.0	31.0	31.0
Square Online TEST008	2026/03/01	GBP	31.0	""	0.0	31.0	""	""	Other	New	YNE Powerlifting	YNEPF	""	Test Buyer Eight	test8@example.com	+440000000008	8 Test Street	""	TS1 1TS	Test City	ENG	GB	1	YNE Spring Open	""	Regular	1 x Full name of the lifter: Quillon Vassallo, 1 x British Powerlifting Membership Number: GB000008, 1 x Yes, I live in Yorkshire or the North East, 1 x Male, 1 x Bench only, 1 x Senior, 1 x M83, 1 x Classic, 1 x None	0.0	31.0	31.0
Square Online TEST009	2026/03/01	GBP	31.0	""	0.0	31.0	""	""	Other	New	YNE Powerlifting	YNEPF	""	Test Buyer Nine	test9@example.com	+440000000009	9 Test Street	""	TS1 1TS	Test City	ENG	GB	1	YNE Spring Open	""	Regular	1 x Full name of the lifter: Rasmus Edevane, 1 x British Powerlifting Membership Number: GB000009, 1 x Yes, I live in Yorkshire or the North East, 1 x Male, 1 x Three lift, 1 x Senior, 1 x M93, 1 x Classic, 1 x Previous best competition total (Kg): 780, 1 x None	0.0	31.0	31.0
Square Online TEST010	2026/03/01	GBP	31.0	""	0.0	31.0	""	""	Other	New	YNE Powerlifting	YNEPF	""	Test Buyer Ten	test10@example.com	+440000000010	10 Test Street	""	TS1 1TS	Test City	ENG	GB	1	YNE Spring Open	""	Regular	1 x Full name of the lifter: Caelum Drummond-Hay, 1 x British Powerlifting Membership Number: GB000010, 1 x No, I'm a Guest Lifter (No entry until 21/09), 1 x Male, 1 x Three lift, 1 x Masters 1, 1 x M105, 1 x Classic, 1 x Previous best competition total (Kg): 792.5, 1 x None	0.0	31.0	31.0
Square Online TEST011	2026/03/01	GBP	31.0	""	0.0	31.0	""	""	Other	New	YNE Powerlifting	YNEPF	""	Test Buyer Eleven	test11@example.com	+440000000011	11 Test Street	""	TS1 1TS	Test City	ENG	GB	1	YNE Spring Open	""	Regular	1 x Full name of the lifter: Doran Vasiliev, 1 x British Powerlifting Membership Number: GB000011, 1 x Yes, I live in Yorkshire or the North East, 1 x Male, 1 x Bench only, 1 x Senior, 1 x M105, 1 x Equipped, 1 x None	0.0	31.0	31.0
Square Online TEST012	2026/03/01	GBP	31.0	""	0.0	31.0	""	""	Other	New	YNE Powerlifting	YNEPF	""	Test Buyer Twelve	test12@example.com	+440000000012	12 Test Street	""	TS1 1TS	Test City	ENG	GB	1	YNE Spring Open	""	Regular	1 x Full name of the lifter: Iolanthe Sterling, 1 x British Powerlifting Membership Number: GB000012, 1 x Yes, I live in Yorkshire or the North East, 1 x Male, 1 x Three lift, 1 x Senior, 1 x M120+, 1 x Classic, 1 x Previous best competition total (Kg): 925, 1 x None	0.0	31.0	31.0
